Date,High,Low,Open,Close,Volume,Adj Close,Name
2020-03-19,46.0,40.0,40.0,45.25,7000.0,44.14870071411133,OTIS
2020-03-20,46.0099983215332,45.0,45.0099983215332,45.0,3600.0,43.90477752685547,OTIS
2020-03-23,42.0,39.97999954223633,42.0,40.0,11900.0,39.02647018432617,OTIS
2020-03-24,40.0,39.0,40.0,40.0,77800.0,39.02647018432617,OTIS
2020-03-25,44.79999923706055,38.0,40.0,41.0099983215332,7000.0,40.01188659667969,OTIS
2020-03-26,47.5,44.25,45.0,45.0,29100.0,43.90477752685547,OTIS
2020-03-27,47.5,44.9900016784668,45.0,45.23500061035156,263200.0,44.134063720703125,OTIS
2020-03-30,50.0,44.25,44.25,50.0,118100.0,48.78310012817383,OTIS
2020-03-31,50.0,44.779998779296875,46.5,50.0,210300.0,48.78310012817383,OTIS
2020-04-01,48.5,44.0,45.9900016784668,46.70000076293945,1206100.0,45.56340408325195,OTIS
2020-04-02,48.65999984741211,43.20000076293945,45.02399826049805,44.0,9264200.0,42.92911911010742,OTIS
2020-04-03,49.29999923706055,41.79999923706055,43.75,47.31999969482422,22551600.0,46.16831970214844,OTIS
2020-04-06,47.849998474121094,44.70000076293945,47.0,45.939998626708984,10294200.0,44.821903228759766,OTIS
2020-04-07,46.9900016784668,42.93000030517578,45.150001525878906,44.279998779296875,12146500.0,43.20230484008789,OTIS
2020-04-08,45.20000076293945,41.2599983215332,42.209999084472656,44.09000015258789,22265800.0,43.016929626464844,OTIS
2020-04-09,50.25,44.0,44.04999923706055,49.13999938964844,17355600.0,47.94401931762695,OTIS
2020-04-13,48.66999816894531,45.720001220703125,48.54999923706055,46.0,8545100.0,44.88043975830078,OTIS
2020-04-14,46.29999923706055,43.970001220703125,45.90999984741211,45.88999938964844,10152100.0,44.77312088012695,OTIS
2020-04-15,44.849998474121094,42.79999923706055,44.189998626708984,44.54999923706055,7935500.0,43.46573257446289,OTIS
2020-04-16,46.40700149536133,43.54999923706055,44.08000183105469,45.619998931884766,8740200.0,44.50968551635742,OTIS
2020-04-17,48.560001373291016,45.91999816894531,47.0,46.150001525878906,7878100.0,45.026798248291016,OTIS
2020-04-20,46.97999954223633,44.900001525878906,45.0,45.38999938964844,5407500.0,44.2852897644043,OTIS
2020-04-21,47.20000076293945,44.5,44.5,45.900001525878906,6939700.0,44.78287887573242,OTIS
2020-04-22,49.54999923706055,46.0,47.310001373291016,47.04999923706055,6801900.0,45.90489196777344,OTIS
2020-04-23,48.040000915527344,46.47999954223633,47.439998626708984,47.470001220703125,5174800.0,46.314666748046875,OTIS
2020-04-24,48.5,46.310001373291016,48.02000045776367,47.849998474121094,6446900.0,46.6854133605957,OTIS
2020-04-27,48.599998474121094,47.61000061035156,48.08000183105469,48.220001220703125,5541100.0,47.046417236328125,OTIS
2020-04-28,50.95000076293945,48.650001525878906,49.06999969482422,49.86000061035156,5368200.0,48.6464958190918,OTIS
2020-04-29,51.72999954223633,49.709999084472656,50.77000045776367,51.150001525878906,4343900.0,49.90510177612305,OTIS
2020-04-30,51.599998474121094,50.5,50.970001220703125,50.90999984741211,6123800.0,49.67094421386719,OTIS
2020-05-01,50.529998779296875,48.310001373291016,50.33000183105469,49.709999084472656,3089700.0,48.500144958496094,OTIS
2020-05-04,49.66999816894531,47.5099983215332,48.849998474121094,49.529998779296875,5676600.0,48.324527740478516,OTIS
2020-05-05,50.63999938964844,47.959999084472656,49.529998779296875,48.09000015258789,4103600.0,46.91958236694336,OTIS
2020-05-06,49.0,47.88999938964844,48.61000061035156,48.310001373291016,2931800.0,47.13422393798828,OTIS
2020-05-07,53.290000915527344,48.9900016784668,49.02000045776367,51.810001373291016,4803200.0,50.549041748046875,OTIS
2020-05-08,54.16999816894531,52.11000061035156,52.119998931884766,52.95000076293945,4289400.0,51.661293029785156,OTIS
2020-05-11,52.400001525878906,51.060001373291016,52.0,51.810001373291016,3150600.0,50.549041748046875,OTIS
2020-05-12,52.290000915527344,49.689998626708984,52.189998626708984,49.720001220703125,3059800.0,48.50990295410156,OTIS
2020-05-13,50.29999923706055,47.8849983215332,49.0,48.209999084472656,4567000.0,47.036651611328125,OTIS
2020-05-14,48.400001525878906,47.22999954223633,47.61000061035156,48.0,4849900.0,46.831764221191406,OTIS
2020-05-15,49.220001220703125,47.20000076293945,47.31999969482422,48.88999938964844,2981400.0,47.70010757446289,OTIS
2020-05-18,52.34000015258789,50.119998931884766,50.119998931884766,52.130001068115234,4452600.0,50.86125183105469,OTIS
2020-05-19,52.928001403808594,51.05500030517578,51.68000030517578,52.310001373291016,2050300.0,51.036869049072266,OTIS
2020-05-20,54.70000076293945,52.474998474121094,52.54999923706055,53.18000030517578,4755100.0,51.88569259643555,OTIS
2020-05-21,53.54999923706055,51.869998931884766,52.36000061035156,52.029998779296875,3813100.0,50.95531463623047,OTIS
2020-05-22,52.720001220703125,50.91999816894531,52.459999084472656,51.709999084472656,2134300.0,50.64192199707031,OTIS
2020-05-26,53.9900016784668,50.70000076293945,53.029998779296875,50.88999938964844,6247000.0,49.83885955810547,OTIS
2020-05-27,52.650001525878906,50.77000045776367,51.59000015258789,52.380001068115234,5202300.0,51.29808807373047,OTIS
2020-05-28,52.95000076293945,50.93000030517578,52.869998931884766,50.959999084472656,4260700.0,49.90741729736328,OTIS
2020-05-29,52.869998931884766,50.18000030517578,50.439998626708984,52.650001525878906,7522700.0,51.5625114440918,OTIS
2020-06-01,54.439998626708984,52.11000061035156,52.45000076293945,54.08000183105469,3073300.0,52.96297836303711,OTIS
2020-06-02,54.75,53.290000915527344,54.15999984741211,54.150001525878906,2638100.0,53.03152847290039,OTIS
2020-06-03,55.58000183105469,54.54999923706055,55.0,55.470001220703125,4134500.0,54.32426071166992,OTIS
2020-06-04,56.65999984741211,54.689998626708984,55.29999923706055,55.400001525878906,3281300.0,54.25571060180664,OTIS
2020-06-05,58.70899963378906,56.0,57.83000183105469,58.56999969482422,4615100.0,57.36023712158203,OTIS
2020-06-08,61.31999969482422,58.36000061035156,58.68000030517578,61.2599983215332,5966500.0,59.994667053222656,OTIS
2020-06-09,61.459999084472656,59.2400016784668,60.400001525878906,60.650001525878906,4610200.0,59.39727020263672,OTIS
2020-06-10,60.959999084472656,59.02000045776367,60.61000061035156,59.029998779296875,2658300.0,57.81072998046875,OTIS
2020-06-11,58.06999969482422,55.70500183105469,56.0,56.25,3293900.0,55.08815383911133,OTIS
2020-06-12,58.97999954223633,55.099998474121094,57.72999954223633,56.040000915527344,4313000.0,54.88249206542969,OTIS
2020-06-15,57.79999923706055,53.83000183105469,54.5099983215332,57.66999816894531,4464300.0,56.478824615478516,OTIS
2020-06-16,59.79999923706055,57.375,59.5,57.849998474121094,3510300.0,56.65510559082031,OTIS
2020-06-17,58.189998626708984,56.459999084472656,58.119998931884766,56.7400016784668,2441500.0,55.56803512573242,OTIS
2020-06-18,57.68000030517578,56.2400016784668,56.439998626708984,57.4900016784668,2137500.0,56.30253982543945,OTIS
2020-06-19,58.959999084472656,55.95000076293945,58.959999084472656,57.0,7096100.0,55.822662353515625,OTIS
2020-06-22,58.18000030517578,56.63999938964844,56.880001068115234,57.060001373291016,2027000.0,55.88142013549805,OTIS
2020-06-23,57.869998931884766,56.59000015258789,57.689998626708984,56.79999923706055,2386900.0,55.626792907714844,OTIS
2020-06-24,56.970001220703125,55.25,56.150001525878906,55.540000915527344,3022000.0,54.392822265625,OTIS
2020-06-25,56.5,54.7599983215332,55.04999923706055,56.20000076293945,2942900.0,55.039188385009766,OTIS
2020-06-26,56.47999954223633,54.44200134277344,56.22999954223633,55.790000915527344,6634300.0,54.63764953613281,OTIS
2020-06-29,56.79999923706055,55.33000183105469,55.88999938964844,56.56999969482422,2257300.0,55.40153884887695,OTIS
2020-06-30,57.099998474121094,55.5099983215332,55.970001220703125,56.86000061035156,2518100.0,55.6855583190918,OTIS
2020-07-01,57.0,55.75,57.0,55.779998779296875,2400200.0,54.62785720825195,OTIS
2020-07-02,57.2400016784668,55.77000045776367,56.43000030517578,56.5,3162900.0,55.33298873901367,OTIS
2020-07-06,57.58000183105469,56.43000030517578,57.380001068115234,56.86000061035156,1999100.0,55.6855583190918,OTIS
2020-07-07,57.310001373291016,56.119998931884766,56.43000030517578,56.81999969482422,2537900.0,55.64638137817383,OTIS
2020-07-08,57.150001525878906,56.27000045776367,57.029998779296875,56.91999816894531,6694900.0,55.74431610107422,OTIS
2020-07-09,57.939998626708984,56.06999969482422,56.86000061035156,56.11000061035156,2424200.0,54.951045989990234,OTIS
2020-07-10,57.310001373291016,56.040000915527344,56.22999954223633,56.97999954223633,2137300.0,55.80308151245117,OTIS
2020-07-13,57.939998626708984,56.46500015258789,56.560001373291016,56.88999938964844,2882500.0,55.714935302734375,OTIS
2020-07-14,57.45000076293945,56.029998779296875,56.220001220703125,57.369998931884766,2755100.0,56.18501663208008,OTIS
2020-07-15,59.0,57.86000061035156,58.0099983215332,58.20000076293945,2358400.0,56.99787521362305,OTIS
2020-07-16,58.560001373291016,57.65800094604492,58.0,58.31999969482422,2628800.0,57.11539840698242,OTIS
2020-07-17,59.029998779296875,58.150001525878906,58.72999954223633,58.54999923706055,2983100.0,57.34064865112305,OTIS
2020-07-20,59.650001525878906,57.9900016784668,58.41999816894531,58.560001373291016,2407800.0,57.350440979003906,OTIS
2020-07-21,58.939998626708984,58.099998474121094,58.380001068115234,58.439998626708984,2314000.0,57.23291778564453,OTIS
2020-07-22,58.93000030517578,57.68000030517578,57.959999084472656,58.47999954223633,2034300.0,57.272090911865234,OTIS
2020-07-23,59.46799850463867,58.34000015258789,58.5,59.060001373291016,2566500.0,57.840110778808594,OTIS
2020-07-24,59.19499969482422,57.630001068115234,59.18000030517578,58.130001068115234,3142100.0,56.929325103759766,OTIS
2020-07-27,58.439998626708984,57.599998474121094,57.86000061035156,58.31999969482422,2670300.0,57.11539840698242,OTIS
2020-07-28,61.83000183105469,59.70000076293945,59.81999969482422,60.279998779296875,4473600.0,59.034915924072266,OTIS
2020-07-29,64.36000061035156,60.959999084472656,60.959999084472656,64.30000305175781,4885400.0,62.971885681152344,OTIS
2020-07-30,64.5199966430664,63.150001525878906,63.439998626708984,63.38999938964844,2307000.0,62.0806770324707,OTIS
2020-07-31,63.439998626708984,62.18000030517578,63.439998626708984,62.7400016784668,3156100.0,61.44409942626953,OTIS
2020-08-03,63.81999969482422,62.7400016784668,63.02000045776367,63.209999084472656,3200500.0,61.904396057128906,OTIS
2020-08-04,62.900001525878906,61.970001220703125,62.58000183105469,62.61000061035156,1739400.0,61.3167839050293,OTIS
2020-08-05,63.650001525878906,62.34000015258789,62.7400016784668,63.09000015258789,2645000.0,61.7868766784668,OTIS
2020-08-06,63.52000045776367,62.8650016784668,62.88999938964844,63.47999954223633,1557400.0,62.1688117980957,OTIS
2020-08-07,64.47000122070312,63.15999984741211,63.15999984741211,64.41000366210938,1169100.0,63.079612731933594,OTIS
2020-08-10,65.30000305175781,64.29000091552734,64.29000091552734,65.20999908447266,1572700.0,63.86308670043945,OTIS
2020-08-11,65.94999694824219,64.33000183105469,65.5199966430664,64.37000274658203,2787700.0,63.040435791015625,OTIS
2020-08-12,65.47000122070312,64.22000122070312,64.97000122070312,64.9000015258789,1496600.0,63.55949783325195,OTIS
2020-08-13,64.95999908447266,63.83000183105469,64.95999908447266,64.0,1436200.0,62.678077697753906,OTIS
2020-08-14,64.51000213623047,63.599998474121094,63.709999084472656,64.06999969482422,1633900.0,62.74663162231445,OTIS
2020-08-17,64.52999877929688,63.709999084472656,64.45999908447266,63.959999084472656,1785500.0,62.63890075683594,OTIS
2020-08-18,64.4000015258789,63.375,63.849998474121094,63.45000076293945,1680200.0,62.139434814453125,OTIS
2020-08-19,63.59000015258789,62.59000015258789,63.47999954223633,62.91999816894531,1549000.0,61.620384216308594,OTIS
2020-08-20,63.25,61.810001373291016,62.15999984741211,62.970001220703125,1291500.0,61.86600875854492,OTIS
2020-08-21,63.7400016784668,62.59000015258789,63.029998779296875,63.630001068115234,2649500.0,62.51443099975586,OTIS
2020-08-24,64.2300033569336,63.040000915527344,63.61000061035156,63.79999923706055,3199900.0,62.68144226074219,OTIS
2020-08-25,64.80999755859375,63.904998779296875,64.41000366210938,64.29000091552734,1604100.0,63.16286087036133,OTIS
2020-08-26,64.79000091552734,63.74800109863281,64.27999877929688,64.18000030517578,1161900.0,63.054786682128906,OTIS
2020-08-27,64.90499877929688,63.16999816894531,64.47000122070312,63.22999954223633,1341700.0,62.12144088745117,OTIS
2020-08-28,63.630001068115234,62.650001525878906,63.27000045776367,63.59000015258789,1129900.0,62.47513198852539,OTIS
2020-08-31,63.84000015258789,62.84000015258789,63.61000061035156,62.900001525878906,1736400.0,61.7972297668457,OTIS
2020-09-01,64.27999877929688,62.32500076293945,62.52000045776367,64.05000305175781,2334100.0,62.92707061767578,OTIS
2020-09-02,65.55999755859375,63.650001525878906,63.72999954223633,65.33999633789062,1827200.0,64.19444274902344,OTIS
2020-09-03,65.44999694824219,61.060001373291016,64.87999725341797,61.849998474121094,3096800.0,60.76564025878906,OTIS
2020-09-04,62.599998474121094,60.43000030517578,62.5,61.4900016784668,2697000.0,60.41194534301758,OTIS
2020-09-08,61.75,60.459999084472656,61.43000030517578,60.630001068115234,2137900.0,59.5670280456543,OTIS
2020-09-09,62.529998779296875,61.0,61.029998779296875,62.08000183105469,1888500.0,60.991607666015625,OTIS
2020-09-10,61.97999954223633,59.72999954223633,61.97999954223633,59.900001525878906,3828900.0,58.84982681274414,OTIS
2020-09-11,60.709999084472656,59.775001525878906,60.2599983215332,60.13999938964844,2273400.0,59.08561325073242,OTIS
2020-09-14,60.56999969482422,59.06700134277344,60.56999969482422,59.9900016784668,2420100.0,58.938255310058594,OTIS
2020-09-15,61.619998931884766,60.029998779296875,60.029998779296875,60.29999923706055,1629400.0,59.24281692504883,OTIS
2020-09-16,61.0099983215332,59.400001525878906,60.86000061035156,59.790000915527344,2457000.0,58.741756439208984,OTIS
2020-09-17,61.09000015258789,58.040000915527344,58.75,61.040000915527344,2219900.0,59.9698371887207,OTIS
2020-09-18,62.63999938964844,60.38999938964844,61.15999984741211,60.880001068115234,3806500.0,59.81264877319336,OTIS
2020-09-21,60.220001220703125,58.66999816894531,60.0,59.40999984741211,2512100.0,58.36841583251953,OTIS
2020-09-22,61.119998931884766,58.86000061035156,58.939998626708984,60.9900016784668,1841500.0,59.92071533203125,OTIS
2020-09-23,61.77000045776367,60.20000076293945,60.77000045776367,60.40999984741211,1733700.0,59.35087966918945,OTIS
2020-09-24,62.75,60.459999084472656,60.849998474121094,62.08000183105469,2374800.0,60.991607666015625,OTIS
2020-09-25,62.349998474121094,61.189998626708984,61.61000061035156,61.54999923706055,1557600.0,60.47089767456055,OTIS
2020-09-28,62.880001068115234,61.900001525878906,62.27000045776367,62.5099983215332,1233900.0,61.414066314697266,OTIS
2020-09-29,62.7599983215332,61.880001068115234,62.41999816894531,62.40999984741211,1435400.0,61.315818786621094,OTIS
2020-09-30,63.599998474121094,61.95000076293945,62.709999084472656,62.41999816894531,2494000.0,61.32564163208008,OTIS
2020-10-01,64.22000122070312,61.7599983215332,62.869998931884766,62.369998931884766,2342500.0,61.276519775390625,OTIS
2020-10-02,63.439998626708984,61.5099983215332,61.619998931884766,63.15999984741211,1447800.0,62.05266571044922,OTIS
2020-10-05,64.62999725341797,63.23500061035156,63.7400016784668,64.54000091552734,1447700.0,63.40846633911133,OTIS
2020-10-06,65.0,63.48500061035156,64.43000030517578,63.83000183105469,2107000.0,62.7109260559082,OTIS
2020-10-07,65.62000274658203,64.375,64.62999725341797,65.05000305175781,1648100.0,63.90953826904297,OTIS
2020-10-08,65.51000213623047,64.4800033569336,64.79000091552734,64.70999908447266,1213200.0,63.57548904418945,OTIS
2020-10-09,65.66999816894531,64.30000305175781,65.0199966430664,65.3499984741211,1187000.0,64.20427703857422,OTIS
2020-10-12,65.98500061035156,65.16999816894531,65.8499984741211,65.69000244140625,1185800.0,64.53831481933594,OTIS
2020-10-13,65.80000305175781,64.61599731445312,65.16000366210938,65.12999725341797,1415900.0,63.98813247680664,OTIS
2020-10-14,66.0,64.52999877929688,65.5,65.61000061035156,1633600.0,64.459716796875,OTIS
2020-10-15,65.43499755859375,64.01000213623047,64.66999816894531,65.19999694824219,982100.0,64.0569076538086,OTIS
2020-10-16,65.80999755859375,64.80999755859375,65.30000305175781,65.02999877929688,1047500.0,63.8898811340332,OTIS
2020-10-19,65.44000244140625,64.08000183105469,64.9000015258789,64.36000061035156,910500.0,63.231632232666016,OTIS
2020-10-20,65.73999786376953,64.33999633789062,64.68000030517578,64.38999938964844,720000.0,63.26110076904297,OTIS
2020-10-21,64.83000183105469,63.709999084472656,64.25,63.720001220703125,1082600.0,62.60285186767578,OTIS
2020-10-22,63.9900016784668,62.97999954223633,63.9900016784668,63.2400016784668,4980300.0,62.13126754760742,OTIS
2020-10-23,64.0199966430664,63.119998931884766,63.470001220703125,63.45000076293945,2308600.0,62.337589263916016,OTIS
2020-10-26,63.88999938964844,61.369998931884766,63.84000015258789,63.209999084472656,3026000.0,62.10179901123047,OTIS
2020-10-27,63.2400016784668,61.86000061035156,62.90999984741211,61.970001220703125,1973200.0,60.88353729248047,OTIS
2020-10-28,61.2599983215332,58.77000045776367,61.0099983215332,58.9900016784668,2570900.0,57.955780029296875,OTIS
2020-10-29,61.189998626708984,58.79999923706055,58.88999938964844,60.790000915527344,2122600.0,59.72422409057617,OTIS
2020-10-30,61.29999923706055,59.79999923706055,60.349998474121094,61.279998779296875,2036100.0,60.205623626708984,OTIS
2020-11-02,62.77000045776367,61.09000015258789,62.189998626708984,62.13999938964844,1819100.0,61.05055618286133,OTIS
2020-11-03,63.849998474121094,62.08000183105469,62.93000030517578,62.709999084472656,1545600.0,61.610557556152344,OTIS
2020-11-04,63.64500045776367,61.95000076293945,62.68000030517578,62.29999923706055,2042700.0,61.2077522277832,OTIS
2020-11-05,63.95000076293945,62.59000015258789,63.31999969482422,62.630001068115234,1495700.0,61.53196334838867,OTIS
2020-11-06,63.810001373291016,62.66999816894531,62.970001220703125,63.58000183105469,1145800.0,62.465309143066406,OTIS
2020-11-09,67.29000091552734,63.43000030517578,67.0,63.5,2420100.0,62.3867073059082,OTIS
2020-11-10,65.91799926757812,63.31999969482422,63.380001068115234,65.73999786376953,2174600.0,64.58743286132812,OTIS
2020-11-11,66.33000183105469,64.73999786376953,65.86000061035156,66.12000274658203,1319500.0,64.96077728271484,OTIS
2020-11-12,66.45999908447266,65.41999816894531,66.18000030517578,65.98999786376953,1774700.0,64.83305358886719,OTIS
2020-11-13,66.73999786376953,65.2300033569336,66.23999786376953,65.56999969482422,1438500.0,64.42041778564453,OTIS
2020-11-16,67.63999938964844,65.68000030517578,66.22000122070312,67.38999938964844,2338900.0,66.20851135253906,OTIS
2020-11-17,67.94999694824219,66.30500030517578,67.16000366210938,67.19999694824219,1465000.0,66.02184295654297,OTIS
2020-11-18,67.9800033569336,66.51000213623047,67.30999755859375,66.62999725341797,2182800.0,65.46183776855469,OTIS
2020-11-19,67.19000244140625,65.5999984741211,66.62999725341797,66.16000366210938,1809900.0,65.19577026367188,OTIS
2020-11-20,66.73999786376953,66.0,66.08999633789062,66.31999969482422,1811200.0,65.35343170166016,OTIS
2020-11-23,67.52999877929688,66.55000305175781,66.63999938964844,67.25,1885500.0,66.2698745727539,OTIS
2020-11-24,68.04000091552734,66.87999725341797,68.04000091552734,67.4000015258789,4738800.0,66.41769409179688,OTIS
2020-11-25,67.47000122070312,66.41999816894531,67.44000244140625,67.37999725341797,1125400.0,66.39797973632812,OTIS
2020-11-27,68.20999908447266,66.9000015258789,67.55000305175781,67.33999633789062,1645000.0,66.35855865478516,OTIS
2020-11-30,67.69999694824219,66.37999725341797,66.83999633789062,66.94000244140625,1831000.0,65.96440887451172,OTIS
2020-12-01,68.16000366210938,66.7699966430664,67.41999816894531,66.83000183105469,2928100.0,65.85600280761719,OTIS
2020-12-02,67.2699966430664,65.55999755859375,66.91999816894531,65.69000244140625,1379600.0,64.73262023925781,OTIS
2020-12-03,66.8499984741211,65.36000061035156,65.7699966430664,65.48999786376953,1061900.0,64.5355224609375,OTIS
2020-12-04,66.04299926757812,64.87999725341797,65.6500015258789,65.16000366210938,2054300.0,64.21033477783203,OTIS
2020-12-07,65.30999755859375,64.01000213623047,64.9800033569336,64.8499984741211,1917600.0,63.90485763549805,OTIS
2020-12-08,66.1500015258789,64.68000030517578,64.77999877929688,66.11000061035156,2641500.0,65.14649963378906,OTIS
2020-12-09,66.20999908447266,65.19000244140625,65.75,65.48999786376953,1668600.0,64.5355224609375,OTIS
2020-12-10,66.13999938964844,63.849998474121094,65.20999908447266,64.0,2056600.0,63.0672492980957,OTIS
2020-12-11,63.880001068115234,62.95000076293945,63.33000183105469,63.72999954223633,2023900.0,62.80118179321289,OTIS
2020-12-14,64.48999786376953,62.52000045776367,64.48999786376953,62.779998779296875,1377800.0,61.86502456665039,OTIS
2020-12-15,65.58999633789062,62.959999084472656,63.11000061035156,64.7300033569336,2041100.0,63.786617279052734,OTIS
2020-12-16,65.33000183105469,64.33999633789062,64.93000030517578,65.23999786376953,1760600.0,64.28917694091797,OTIS
2020-12-17,66.31999969482422,65.5,65.75,65.79000091552734,1873700.0,64.83116149902344,OTIS
2020-12-18,66.19999694824219,64.54000091552734,65.98999786376953,65.61000061035156,4028700.0,64.65377807617188,OTIS
2020-12-21,66.4800033569336,64.5999984741211,64.94000244140625,66.1500015258789,2201300.0,65.18590545654297,OTIS
2020-12-22,65.98999786376953,65.09500122070312,65.83999633789062,65.41000366210938,1151500.0,64.45670318603516,OTIS
2020-12-23,66.23999786376953,65.30000305175781,65.48999786376953,65.62999725341797,972500.0,64.67349243164062,OTIS
2020-12-24,65.9800033569336,65.29000091552734,65.44999694824219,65.79000091552734,992100.0,64.83116149902344,OTIS
2020-12-28,66.5999984741211,65.54000091552734,66.18000030517578,66.0,786400.0,65.03809356689453,OTIS
2020-12-29,66.5999984741211,65.12999725341797,66.30999755859375,65.69000244140625,1008400.0,64.73262023925781,OTIS
2020-12-30,66.83000183105469,65.79000091552734,65.79000091552734,66.72000122070312,1082200.0,65.74761199951172,OTIS
2020-12-31,67.69000244140625,66.56999969482422,66.86000061035156,67.55000305175781,1238200.0,66.56550598144531,OTIS
2021-01-04,68.0199966430664,65.55000305175781,67.55000305175781,65.58999633789062,2569600.0,64.63407135009766,OTIS
2021-01-05,66.41999816894531,64.75900268554688,65.81999969482422,65.0999984741211,1366100.0,64.15121459960938,OTIS
2021-01-06,67.33000183105469,65.25,65.81999969482422,66.91000366210938,1596000.0,65.93484497070312,OTIS
2021-01-07,67.95500183105469,66.84500122070312,67.30000305175781,67.77999877929688,1542500.0,66.79216766357422,OTIS
2021-01-08,67.97000122070312,65.8499984741211,67.47000122070312,66.83000183105469,1914000.0,65.85600280761719,OTIS
2021-01-11,66.79000091552734,65.80999755859375,66.22000122070312,66.36000061035156,1506200.0,65.3928451538086,OTIS
2021-01-12,66.80000305175781,65.06999969482422,66.2699966430664,65.2300033569336,1722000.0,64.27932739257812,OTIS
2021-01-13,65.53500366210938,63.849998474121094,65.19000244140625,63.970001220703125,3172600.0,63.03768539428711,OTIS
2021-01-14,65.37000274658203,63.79999923706055,64.19999694824219,64.94000244140625,3088300.0,63.993553161621094,OTIS
2021-01-15,65.69000244140625,63.5099983215332,64.80999755859375,65.52999877929688,1841100.0,64.574951171875,OTIS
2021-01-19,66.44999694824219,64.91999816894531,66.0,65.37000274658203,2489200.0,64.41728210449219,OTIS
2021-01-20,66.5,64.88999938964844,65.80000305175781,65.19000244140625,1737200.0,64.23990631103516,OTIS
2021-01-21,65.23999786376953,63.45000076293945,65.23999786376953,63.52000045776367,3945600.0,62.59424591064453,OTIS
2021-01-22,65.20999908447266,63.20000076293945,63.52000045776367,64.87999725341797,3546500.0,63.934425354003906,OTIS
2021-01-25,64.61000061035156,62.0,64.0,64.22000122070312,4500200.0,63.28404235839844,OTIS
2021-01-26,65.08999633789062,62.27000045776367,64.5999984741211,63.5099983215332,2742100.0,62.584388732910156,OTIS
2021-01-27,63.0099983215332,61.279998779296875,62.68000030517578,62.2400016784668,3241300.0,61.3328971862793,OTIS
2021-01-28,64.81999969482422,62.33000183105469,62.599998474121094,63.83000183105469,3235000.0,62.89972686767578,OTIS
2021-01-29,65.98999786376953,63.45000076293945,65.11000061035156,64.6500015258789,10353200.0,63.70778274536133,OTIS
2021-02-01,66.01000213623047,63.0,65.98999786376953,64.55000305175781,3731500.0,63.60923767089844,OTIS
2021-02-02,66.77999877929688,64.5,65.05000305175781,64.63999938964844,4327800.0,63.69792938232422,OTIS
2021-02-03,64.87000274658203,62.95000076293945,64.63999938964844,64.05000305175781,3542100.0,63.116519927978516,OTIS
2021-02-04,64.12999725341797,63.0,63.88999938964844,63.290000915527344,2303900.0,62.36759567260742,OTIS
2021-02-05,64.19999694824219,62.630001068115234,62.7400016784668,63.93000030517578,3697900.0,62.99827194213867,OTIS
2021-02-08,64.52999877929688,63.150001525878906,63.75,63.72999954223633,1787100.0,62.80118179321289,OTIS
2021-02-09,64.59300231933594,63.209999084472656,63.540000915527344,64.36000061035156,2819100.0,63.42200469970703,OTIS
2021-02-10,65.9000015258789,64.5999984741211,64.94000244140625,65.30999755859375,1934100.0,64.358154296875,OTIS
2021-02-11,65.20600128173828,62.8849983215332,65.04000091552734,63.43000030517578,4298900.0,62.69755554199219,OTIS
2021-02-12,64.54000091552734,62.88999938964844,62.88999938964844,63.93000030517578,2021600.0,63.1917839050293,OTIS
2021-02-16,64.33999633789062,62.58000183105469,64.30999755859375,63.189998626708984,3228400.0,62.460323333740234,OTIS
2021-02-17,63.369998931884766,62.61899948120117,63.310001373291016,62.689998626708984,2178600.0,61.966102600097656,OTIS
2021-02-18,63.58000183105469,62.310001373291016,62.459999084472656,63.060001373291016,2258400.0,62.33182907104492,OTIS
2021-02-19,63.45500183105469,62.939998626708984,63.31999969482422,63.040000915527344,3852700.0,62.31206130981445,OTIS
2021-02-22,63.595001220703125,62.52000045776367,62.849998474121094,63.22999954223633,2560000.0,62.49985885620117,OTIS
2021-02-23,63.56999969482422,62.560001373291016,62.84000015258789,63.22999954223633,2571200.0,62.49985885620117,OTIS
2021-02-24,64.41000366210938,63.029998779296875,63.09000015258789,64.3499984741211,2257300.0,63.60692596435547,OTIS
2021-02-25,64.91000366210938,64.01000213623047,64.27999877929688,64.45999908447266,2431700.0,63.71566390991211,OTIS
2021-02-26,64.88999938964844,63.59000015258789,64.88999938964844,63.709999084472656,3278300.0,62.97432327270508,OTIS
2021-03-01,65.75,64.06999969482422,64.12000274658203,64.93000030517578,1896000.0,64.18023681640625,OTIS
2021-03-02,65.84500122070312,64.33000183105469,64.7300033569336,65.41000366210938,2657500.0,64.65470123291016,OTIS
2021-03-03,67.6500015258789,65.06999969482422,65.51000213623047,67.0,3210800.0,66.22632598876953,OTIS
2021-03-04,66.9000015258789,63.34000015258789,66.83000183105469,63.95000076293945,3634400.0,63.211551666259766,OTIS
2021-03-05,65.11000061035156,62.7599983215332,64.5199966430664,64.87000274658203,2168000.0,64.12092590332031,OTIS
2021-03-08,66.33000183105469,64.58999633789062,64.97000122070312,65.22000122070312,1636700.0,64.46688842773438,OTIS
2021-03-09,66.6500015258789,64.91999816894531,65.69000244140625,64.93000030517578,2547300.0,64.18023681640625,OTIS
2021-03-10,66.49500274658203,64.61000061035156,64.66999816894531,66.25,1814900.0,65.48499298095703,OTIS
2021-03-11,67.63999938964844,65.88999938964844,66.0999984741211,67.30000305175781,2214700.0,66.52287292480469,OTIS
2021-03-12,67.6500015258789,65.98999786376953,67.6500015258789,66.0,1938200.0,65.23786926269531,OTIS
2021-03-15,66.63999938964844,65.51499938964844,65.94000244140625,66.61000061035156,1495700.0,65.84083557128906,OTIS
2021-03-16,67.97000122070312,66.58000183105469,67.12000274658203,67.69999694824219,2371800.0,66.91824340820312,OTIS
2021-03-17,68.6500015258789,67.36000061035156,67.98999786376953,68.58000183105469,1729500.0,67.78809356689453,OTIS
2021-03-18,68.63999938964844,67.45999908447266,68.1500015258789,68.1500015258789,2752800.0,67.36305236816406,OTIS
2021-03-19,67.88999938964844,66.5199966430664,67.88999938964844,66.86000061035156,3149000.0,66.08794403076172,OTIS
2021-03-22,66.94000244140625,65.63999938964844,66.80999755859375,66.81999969482422,1391500.0,66.04840850830078,OTIS
2021-03-23,67.70999908447266,66.19999694824219,66.41999816894531,66.95999908447266,1364500.0,66.18679809570312,OTIS
2021-03-24,67.95999908447266,66.87999725341797,66.87999725341797,67.16999816894531,1378000.0,66.39437103271484,OTIS
2021-03-25,68.13999938964844,66.76000213623047,67.41000366210938,67.86000061035156,1738900.0,67.07640075683594,OTIS
2021-03-26,69.37999725341797,67.62000274658203,68.16000366210938,69.04000091552734,1989400.0,68.2427749633789,OTIS
2021-03-29,70.66999816894531,69.5,69.83000183105469,69.91000366210938,2038300.0,69.10272979736328,OTIS
2021-03-30,70.48999786376953,69.41999816894531,70.06999969482422,69.73999786376953,2604800.0,68.9346923828125,OTIS
2021-03-31,70.0199966430664,68.2699966430664,70.0199966430664,68.44999694824219,3783100.0,67.65958404541016,OTIS
2021-04-01,69.63999938964844,68.31999969482422,68.88999938964844,69.26000213623047,1579200.0,68.46024322509766,OTIS
2021-04-05,69.69999694824219,68.91999816894531,69.08000183105469,69.2300033569336,1126600.0,68.43058776855469,OTIS
2021-04-06,70.46499633789062,68.88999938964844,69.5,69.72000122070312,1972800.0,68.91492462158203,OTIS
2021-04-07,70.2699966430664,69.41000366210938,69.86000061035156,69.62999725341797,7225700.0,68.82595825195312,OTIS
2021-04-08,69.6449966430664,68.91999816894531,69.48999786376953,69.41000366210938,1881700.0,68.60851287841797,OTIS
2021-04-09,70.94999694824219,69.44999694824219,69.68000030517578,70.75,3557700.0,69.93303680419922,OTIS
2021-04-12,71.1050033569336,70.31999969482422,70.62000274658203,70.6500015258789,1986000.0,69.83418273925781,OTIS
2021-04-13,71.23500061035156,70.19200134277344,70.44999694824219,71.12000274658203,1513400.0,70.29875946044922,OTIS
2021-04-14,71.07499694824219,70.05999755859375,71.0,70.4000015258789,3099700.0,69.58707427978516,OTIS
2021-04-15,71.23999786376953,70.11000061035156,70.63999938964844,70.97000122070312,1495600.0,70.1504898071289,OTIS
2021-04-16,71.41000366210938,69.8499984741211,71.41000366210938,70.58000183105469,2548500.0,69.7649917602539,OTIS
2021-04-19,71.38500213623047,70.3499984741211,70.70999908447266,71.02999877929688,2641300.0,70.20979309082031,OTIS
2021-04-20,71.69000244140625,70.33000183105469,71.63999938964844,70.47000122070312,3682300.0,69.65625762939453,OTIS
2021-04-21,71.08000183105469,69.83000183105469,70.44999694824219,71.04000091552734,3080300.0,70.21967315673828,OTIS
2021-04-22,71.75,70.61000061035156,71.2300033569336,70.94999694824219,2415600.0,70.1307144165039,OTIS
2021-04-23,71.9800033569336,70.73999786376953,71.06999969482422,71.27999877929688,2574700.0,70.45690155029297,OTIS
2021-04-26,76.87999725341797,74.55000305175781,76.44000244140625,76.2699966430664,6077800.0,75.3892822265625,OTIS
2021-04-27,79.26000213623047,76.12000274658203,76.5,79.0,6143800.0,78.0877685546875,OTIS
2021-04-28,79.5,77.98999786376953,79.18000030517578,78.0,3492300.0,77.09931182861328,OTIS
2021-04-29,79.12000274658203,78.0199966430664,78.0199966430664,78.69000244140625,2492200.0,77.7813491821289,OTIS
2021-04-30,78.66999816894531,77.55000305175781,78.25,77.87000274658203,3659500.0,76.97080993652344,OTIS
2021-05-03,79.0999984741211,77.91000366210938,78.48999786376953,78.4000015258789,2739900.0,77.49468994140625,OTIS
2021-05-04,79.55999755859375,78.37999725341797,78.37999725341797,78.72000122070312,3402100.0,77.81099700927734,OTIS
2021-05-05,79.23999786376953,77.76000213623047,78.88999938964844,78.05999755859375,2075500.0,77.15861511230469,OTIS
2021-05-06,78.87899780273438,77.69999694824219,78.43000030517578,78.36000061035156,2983500.0,77.45516204833984,OTIS
2021-05-07,78.94999694824219,77.91000366210938,78.08000183105469,78.19000244140625,2780700.0,77.28712463378906,OTIS
2021-05-10,79.0999984741211,78.02999877929688,78.66999816894531,78.25,4867400.0,77.34642028808594,OTIS
2021-05-11,78.11000061035156,76.8499984741211,77.79000091552734,77.62000274658203,2939200.0,76.72370147705078,OTIS
2021-05-12,77.95999908447266,76.11000061035156,77.76000213623047,76.12999725341797,2392700.0,75.25090026855469,OTIS
2021-05-13,77.5250015258789,75.81999969482422,75.98999786376953,77.1500015258789,2658300.0,76.25912475585938,OTIS
2021-05-14,79.44000244140625,77.41000366210938,77.6500015258789,78.87999725341797,3255300.0,77.9691390991211,OTIS
2021-05-17,79.18000030517578,78.0999984741211,78.7300033569336,79.01000213623047,2234000.0,78.09765625,OTIS
2021-05-18,79.69000244140625,78.56999969482422,79.55000305175781,78.5999984741211,2941000.0,77.6923828125,OTIS
2021-05-19,78.0,77.02999877929688,77.94000244140625,77.47000122070312,5465700.0,76.575439453125,OTIS
2021-05-20,77.86000061035156,76.86000061035156,77.12000274658203,77.36000061035156,6751500.0,76.70433044433594,OTIS
2021-05-21,78.30000305175781,77.27999877929688,77.62000274658203,77.56999969482422,2245000.0,76.91255187988281,OTIS
2021-05-24,78.33000183105469,77.20999908447266,77.5999984741211,78.12999725341797,1547500.0,77.46780395507812,OTIS
2021-05-25,78.61000061035156,77.66000366210938,78.27999877929688,77.69000244140625,2288600.0,77.03153228759766,OTIS
2021-05-26,78.2300033569336,77.55000305175781,77.7699966430664,77.7699966430664,1890100.0,77.11083984375,OTIS
2021-05-27,79.08999633789062,77.69000244140625,78.1500015258789,78.70999908447266,2818900.0,78.04288482666016,OTIS
2021-05-28,78.70999908447266,77.83000183105469,78.4800033569336,78.33000183105469,1915000.0,77.66610717773438,OTIS
2021-06-01,79.83000183105469,78.2750015258789,79.16999816894531,78.41000366210938,2207600.0,77.74542999267578,OTIS
2021-06-02,78.76000213623047,77.7699966430664,78.41999816894531,78.2699966430664,1898600.0,77.60661315917969,OTIS
2021-06-03,79.43000030517578,77.66999816894531,78.25,79.13999938964844,1949900.0,78.46924591064453,OTIS
2021-06-04,79.91999816894531,79.22000122070312,79.25,79.87000274658203,1644000.0,79.19305419921875,OTIS
2021-06-07,80.80500030517578,79.47000122070312,80.4000015258789,79.61000061035156,1723600.0,78.93525695800781,OTIS
2021-06-08,80.94999694824219,79.375,79.76000213623047,80.8499984741211,2647600.0,80.16474914550781,OTIS
2021-06-09,81.18000030517578,80.33000183105469,80.79000091552734,80.75,1947300.0,80.06559753417969,OTIS
2021-06-10,81.55999755859375,79.79000091552734,81.05000305175781,80.41999816894531,1753200.0,79.73838806152344,OTIS
2021-06-11,80.98999786376953,79.69999694824219,80.8499984741211,80.54000091552734,1527800.0,79.85737609863281,OTIS
2021-06-14,80.80000305175781,80.12999725341797,80.56999969482422,80.80000305175781,1232700.0,80.11517333984375,OTIS
2021-06-15,81.2699966430664,80.4229965209961,80.97000122070312,80.98999786376953,1341500.0,80.30355834960938,OTIS
2021-06-16,81.30999755859375,80.29000091552734,81.01000213623047,80.62999725341797,2578100.0,79.94660949707031,OTIS
2021-06-17,81.19000244140625,79.44499969482422,80.91999816894531,80.47000122070312,3734700.0,79.78797149658203,OTIS
2021-06-18,80.16999816894531,78.92500305175781,79.76000213623047,79.5,4490800.0,78.82618713378906,OTIS
2021-06-21,81.0999984741211,79.66999816894531,80.08999633789062,81.04000091552734,2582700.0,80.35313415527344,OTIS
2021-06-22,81.80999755859375,80.75,81.04000091552734,81.37000274658203,1757800.0,80.68034362792969,OTIS
2021-06-23,81.66000366210938,80.73999786376953,81.63999938964844,80.81999969482422,1276400.0,80.13499450683594,OTIS
2021-06-24,81.69999694824219,80.69000244140625,80.88999938964844,81.37000274658203,1679100.0,80.68034362792969,OTIS
2021-06-25,81.91000366210938,81.27999877929688,81.51000213623047,81.6500015258789,2532100.0,80.95796966552734,OTIS
2021-06-28,81.75,80.73999786376953,81.5999984741211,81.66000366210938,1940000.0,80.96788024902344,OTIS
2021-06-29,82.47000122070312,81.58000183105469,81.69000244140625,82.08000183105469,1844000.0,81.38433074951172,OTIS
2021-06-30,82.41000366210938,81.2300033569336,81.8499984741211,81.7699966430664,1981700.0,81.07695007324219,OTIS
2021-07-01,82.38999938964844,81.69999694824219,82.19000244140625,82.08000183105469,1576100.0,81.38433074951172,OTIS
2021-07-02,82.94000244140625,81.8499984741211,82.19000244140625,82.66000366210938,1113100.0,81.95941162109375,OTIS
2021-07-06,82.56999969482422,81.69999694824219,82.2699966430664,82.25,1570300.0,81.5528793334961,OTIS
2021-07-07,84.6500015258789,82.31999969482422,82.86000061035156,84.08000183105469,1645300.0,83.36737060546875,OTIS
2021-07-08,83.93000030517578,82.45999908447266,82.91999816894531,83.08999633789062,1478100.0,82.38575744628906,OTIS
2021-07-09,84.01000213623047,83.2300033569336,83.83999633789062,83.81999969482422,1073300.0,83.10956573486328,OTIS
2021-07-12,83.88999938964844,83.23999786376953,83.47000122070312,83.81999969482422,1506700.0,83.10956573486328,OTIS
2021-07-13,84.38999938964844,83.30000305175781,84.01000213623047,83.52999877929688,1683000.0,82.82202911376953,OTIS
2021-07-14,84.98200225830078,83.4000015258789,83.4000015258789,84.77999877929688,1772100.0,84.06143951416016,OTIS
2021-07-15,85.41999816894531,84.5,84.5,85.2300033569336,1769100.0,84.50762939453125,OTIS
2021-07-16,85.55000305175781,84.87000274658203,85.06999969482422,84.91999816894531,1654800.0,84.20024871826172,OTIS
2021-07-19,84.41000366210938,83.0199966430664,84.30999755859375,84.05999755859375,2534100.0,83.3475341796875,OTIS
2021-07-20,86.29000091552734,84.13999938964844,84.44999694824219,86.0999984741211,1839200.0,85.37024688720703,OTIS
2021-07-21,86.91000366210938,86.14800262451172,86.25,86.80999755859375,1447700.0,86.07422637939453,OTIS
2021-07-22,87.6500015258789,86.62000274658203,87.0,87.33000183105469,2123200.0,86.58982849121094,OTIS
2021-07-23,88.81800079345703,87.6500015258789,88.08000183105469,88.5199966430664,1648700.0,87.76973724365234,OTIS
2021-07-26,90.19999694824219,86.8499984741211,89.94000244140625,89.05999755859375,3098600.0,88.30516052246094,OTIS
2021-07-27,89.15599822998047,87.5199966430664,89.0250015258789,88.22000122070312,1701900.0,87.47228240966797,OTIS
2021-07-28,88.44000244140625,87.2699966430664,88.0199966430664,87.93000030517578,1670200.0,87.18473815917969,OTIS
2021-07-29,88.94000244140625,87.87000274658203,88.3499984741211,88.87000274658203,2009900.0,88.11677551269531,OTIS
2021-07-30,89.79000091552734,88.69000244140625,88.83999633789062,89.55000305175781,1545200.0,88.79100799560547,OTIS
2021-08-02,90.66999816894531,89.68000030517578,89.68000030517578,89.93000030517578,1441000.0,89.16779327392578,OTIS
2021-08-03,91.81999969482422,90.0999984741211,90.11000061035156,91.27999877929688,1683700.0,90.50634765625,OTIS
2021-08-04,91.66999816894531,90.56999969482422,91.0,90.80000305175781,1214800.0,90.0304183959961,OTIS
2021-08-05,91.41000366210938,90.02999877929688,91.1500015258789,90.7300033569336,1547000.0,89.96100616455078,OTIS
2021-08-06,91.31999969482422,89.95999908447266,91.02999877929688,90.13999938964844,1938600.0,89.37600708007812,OTIS
2021-08-09,90.05999755859375,88.94000244140625,89.81999969482422,89.7300033569336,1867200.0,88.96949005126953,OTIS
2021-08-10,90.55999755859375,89.38999938964844,89.88999938964844,89.87000274658203,1269500.0,89.1082992553711,OTIS
2021-08-11,90.54000091552734,89.80999755859375,89.91000366210938,90.43000030517578,1539600.0,89.66354370117188,OTIS
2021-08-12,90.43000030517578,89.55999755859375,90.43000030517578,90.19999694824219,1344100.0,89.43550109863281,OTIS
2021-08-13,91.02999877929688,90.0999984741211,90.26000213623047,90.66000366210938,2823900.0,89.89160919189453,OTIS
2021-08-16,92.0999984741211,90.45999908447266,90.75,91.9000015258789,2660100.0,91.12109375,OTIS
2021-08-17,91.75,90.16999816894531,91.43000030517578,90.73999786376953,1821700.0,89.97091674804688,OTIS
2021-08-18,91.72000122070312,90.30000305175781,90.47000122070312,90.5,2377400.0,89.73296356201172,OTIS
2021-08-19,90.88999938964844,89.30999755859375,89.56999969482422,90.19999694824219,1343500.0,89.67330169677734,OTIS
2021-08-20,90.41000366210938,89.47000122070312,89.83000183105469,90.0199966430664,3291500.0,89.49435424804688,OTIS
2021-08-23,90.98999786376953,89.86000061035156,90.54000091552734,89.91999816894531,2037500.0,89.39494323730469,OTIS
2021-08-24,90.76000213623047,89.65499877929688,89.86000061035156,90.37000274658203,2585500.0,89.84231567382812,OTIS
2021-08-25,91.47000122070312,90.62000274658203,90.7699966430664,91.12999725341797,2034500.0,90.5978775024414,OTIS
2021-08-26,92.0,90.91000366210938,90.91999816894531,91.80999755859375,1527800.0,91.2739028930664,OTIS
2021-08-27,92.67900085449219,91.76000213623047,92.11000061035156,92.01000213623047,1195500.0,91.47274780273438,OTIS
2021-08-30,92.83999633789062,91.7750015258789,92.01000213623047,92.37000274658203,867900.0,91.83063507080078,OTIS
2021-08-31,92.6449966430664,91.86000061035156,92.37000274658203,92.22000122070312,2124700.0,91.68151092529297,OTIS
2021-09-01,92.19999694824219,90.95500183105469,92.19000244140625,91.5,1711600.0,90.96571350097656,OTIS
2021-09-02,92.45999908447266,91.6500015258789,91.9000015258789,92.05999755859375,1547000.0,91.52244567871094,OTIS
2021-09-03,92.45500183105469,91.58000183105469,91.88999938964844,91.81999969482422,1313400.0,91.28384399414062,OTIS
2021-09-07,91.56999969482422,89.26000213623047,91.56999969482422,89.37999725341797,2056300.0,88.85809326171875,OTIS
2021-09-08,91.05999755859375,89.04199981689453,89.12999725341797,90.72000122070312,2312400.0,90.19027709960938,OTIS
2021-09-09,91.26000213623047,90.12000274658203,90.83999633789062,90.4800033569336,1610300.0,89.95167541503906,OTIS
2021-09-10,91.23999786376953,90.19999694824219,91.02999877929688,90.55000305175781,1494900.0,90.0212631225586,OTIS
2021-09-13,91.70999908447266,89.40499877929688,91.33000183105469,89.94999694824219,2013200.0,89.42476654052734,OTIS
2021-09-14,90.83000183105469,89.26499938964844,90.20999908447266,90.36000061035156,2113700.0,89.8323745727539,OTIS
2021-09-15,90.58000183105469,89.45999908447266,90.58000183105469,90.3499984741211,2868600.0,89.82243347167969,OTIS
2021-09-16,90.3499984741211,87.625,90.3499984741211,88.19999694824219,3171200.0,87.68498229980469,OTIS
2021-09-17,87.44999694824219,84.88999938964844,87.26000213623047,85.0199966430664,11037500.0,84.52355194091797,OTIS
2021-09-20,84.4000015258789,82.2699966430664,84.0,83.18000030517578,4458100.0,82.69430541992188,OTIS
2021-09-21,84.12000274658203,81.93000030517578,83.31999969482422,82.0,4208800.0,81.52118682861328,OTIS
2021-09-22,85.55000305175781,83.12000274658203,83.86000061035156,84.29000091552734,3488600.0,83.79782104492188,OTIS
2021-09-23,86.80999755859375,84.02999877929688,84.52999877929688,85.73999786376953,4250200.0,85.23934936523438,OTIS
2021-09-24,86.1449966430664,84.55999755859375,85.41999816894531,84.86000061035156,1874200.0,84.36448669433594,OTIS
2021-09-27,85.13500213623047,84.05000305175781,84.55000305175781,84.2300033569336,1614400.0,83.73817443847656,OTIS
2021-09-28,84.15599822998047,82.72000122070312,83.56999969482422,83.70999908447266,2440600.0,83.22120666503906,OTIS
2021-09-29,84.38999938964844,83.11000061035156,83.9000015258789,83.31999969482422,1784600.0,82.83348083496094,OTIS
2021-09-30,84.08000183105469,82.2699966430664,83.87999725341797,82.27999877929688,2354800.0,81.79955291748047,OTIS
2021-10-01,83.0,81.05000305175781,82.66000366210938,82.5,2530400.0,82.01827239990234,OTIS
2021-10-04,83.125,81.58000183105469,82.11000061035156,81.91000366210938,2474600.0,81.43171691894531,OTIS
2021-10-05,83.74500274658203,81.8499984741211,82.27999877929688,83.36000061035156,2080900.0,82.87324523925781,OTIS
2021-10-06,83.5,81.20999908447266,82.79000091552734,82.87000274658203,1916800.0,82.38611602783203,OTIS
2021-10-07,85.11000061035156,83.77999877929688,83.94000244140625,84.37999725341797,2487900.0,83.88728332519531,OTIS
2021-10-08,84.38500213623047,82.6500015258789,83.91000366210938,83.44999694824219,1942600.0,82.96271514892578,OTIS
2021-10-11,83.5,81.55999755859375,83.2300033569336,81.62000274658203,2134100.0,81.1434097290039,OTIS
2021-10-12,82.18499755859375,81.27999877929688,81.80999755859375,81.94000244140625,2368900.0,81.46154022216797,OTIS
2021-10-13,82.29000091552734,81.08000183105469,82.23999786376953,81.27999877929688,1519300.0,80.80538940429688,OTIS
2021-10-14,83.48999786376953,81.94999694824219,81.95999908447266,83.41000366210938,2166500.0,82.92295837402344,OTIS
2021-10-15,84.69000244140625,83.48999786376953,83.91999816894531,84.0999984741211,1681400.0,83.60892486572266,OTIS
2021-10-18,83.86900329589844,82.9729995727539,83.66000366210938,83.31999969482422,1452300.0,82.83348083496094,OTIS
2021-10-19,84.73999786376953,83.7699966430664,84.0,84.41999816894531,1388000.0,83.92705535888672,OTIS
2021-10-20,86.45999908447266,84.2300033569336,84.62999725341797,85.45999908447266,2339900.0,84.96098327636719,OTIS
2021-10-21,85.38999938964844,83.48999786376953,84.18000030517578,85.3499984741211,1917700.0,84.85162353515625,OTIS
2021-10-22,86.70999908447266,85.41000366210938,85.86000061035156,85.62999725341797,2678500.0,85.12998962402344,OTIS
2021-10-25,83.94999694824219,81.08999633789062,81.08999633789062,81.86000061035156,3623700.0,81.38201141357422,OTIS
2021-10-26,82.5999984741211,79.76000213623047,82.33499908447266,80.2699966430664,3657600.0,79.80128479003906,OTIS
2021-10-27,80.83000183105469,79.48999786376953,80.66999816894531,79.72000122070312,2896600.0,79.25450897216797,OTIS
2021-10-28,80.16000366210938,78.5999984741211,79.5999984741211,79.91999816894531,2435300.0,79.45333099365234,OTIS
2021-10-29,81.4800033569336,79.54000091552734,79.55999755859375,80.30999755859375,2870500.0,79.84105682373047,OTIS
2021-11-01,81.16000366210938,80.12999725341797,80.45999908447266,80.91999816894531,1846100.0,80.4474868774414,OTIS
2021-11-02,81.44999694824219,80.1500015258789,81.33000183105469,81.11000061035156,1465500.0,80.63639068603516,OTIS
2021-11-03,81.81999969482422,79.61499786376953,81.27999877929688,80.61000061035156,2306700.0,80.1393051147461,OTIS
2021-11-04,81.86000061035156,80.79000091552734,80.94000244140625,81.83999633789062,1943200.0,81.36212158203125,OTIS
2021-11-05,82.70999908447266,81.55999755859375,82.12999725341797,81.70999908447266,1500900.0,81.23287963867188,OTIS
2021-11-08,82.38899993896484,81.39299774169922,82.11000061035156,82.23999786376953,2422400.0,81.75978088378906,OTIS
2021-11-09,83.66999816894531,82.06999969482422,82.4000015258789,83.54000091552734,3078900.0,83.05219268798828,OTIS
2021-11-10,84.44999694824219,83.19000244140625,83.94999694824219,83.36000061035156,2986300.0,82.87324523925781,OTIS
2021-11-11,83.69999694824219,82.7699966430664,83.44999694824219,83.4000015258789,1743500.0,82.91301727294922,OTIS
2021-11-12,85.6500015258789,83.30999755859375,83.94000244140625,85.62999725341797,1737600.0,85.12998962402344,OTIS
2021-11-15,85.58999633789062,83.93699645996094,85.5,84.16000366210938,1319100.0,83.6685791015625,OTIS
2021-11-16,84.98999786376953,84.22000122070312,84.55999755859375,84.5199966430664,1532800.0,84.02647399902344,OTIS
2021-11-17,86.04499816894531,84.09500122070312,84.36000061035156,85.56999969482422,2657800.0,85.07034301757812,OTIS
2021-11-18,86.41999816894531,84.68000030517578,84.79000091552734,86.2300033569336,2586400.0,85.96760559082031,OTIS
2021-11-19,87.83000183105469,86.06999969482422,86.44000244140625,86.26000213623047,2901700.0,85.99751281738281,OTIS
2021-11-22,86.38999938964844,83.87000274658203,86.25,84.19999694824219,1770400.0,83.94377899169922,OTIS
2021-11-23,84.375,83.5199966430664,84.0,83.80999755859375,1683000.0,83.55496215820312,OTIS
2021-11-24,84.55000305175781,82.87000274658203,83.6500015258789,84.45999908447266,1024700.0,84.20298767089844,OTIS
2021-11-26,84.2300033569336,82.5,82.93000030517578,83.19000244140625,1170100.0,82.93685913085938,OTIS
2021-11-29,84.33999633789062,82.98999786376953,84.11000061035156,83.58000183105469,1934300.0,83.32566833496094,OTIS
2021-11-30,83.58000183105469,80.1500015258789,83.08000183105469,80.4000015258789,2602300.0,80.15534210205078,OTIS
2021-12-01,83.33999633789062,80.41999816894531,81.69999694824219,80.44999694824219,2247400.0,80.20518493652344,OTIS
2021-12-02,83.06900024414062,80.8550033569336,80.86000061035156,82.8499984741211,2224700.0,82.59788513183594,OTIS
2021-12-03,83.5999984741211,81.91999816894531,83.3499984741211,82.80000305175781,2236400.0,82.54804229736328,OTIS
2021-12-06,84.48999786376953,82.68000030517578,83.4000015258789,84.01000213623047,2046200.0,83.75435638427734,OTIS
2021-12-07,86.26000213623047,84.72000122070312,85.13999938964844,85.69999694824219,2093000.0,85.439208984375,OTIS
2021-12-08,86.51599884033203,84.69999694824219,85.6500015258789,86.20999908447266,2923600.0,85.94766235351562,OTIS
2021-12-09,86.61000061035156,85.16999816894531,86.04000091552734,86.19000244140625,2406900.0,85.92772674560547,OTIS
2021-12-10,86.56999969482422,85.79499816894531,86.31999969482422,86.08000183105469,2379000.0,85.81806182861328,OTIS
2021-12-13,86.63999938964844,84.80000305175781,86.25,85.37999725341797,2502400.0,85.12018585205078,OTIS
2021-12-14,85.4000015258789,84.07499694824219,85.06999969482422,84.80999755859375,2178600.0,84.55191802978516,OTIS
2021-12-15,85.38500213623047,83.48100280761719,85.05000305175781,84.91999816894531,2011900.0,84.66159057617188,OTIS
2021-12-16,86.86499786376953,85.20999908447266,85.70999908447266,86.51000213623047,3345100.0,86.24674987792969,OTIS
2021-12-17,86.66999816894531,84.0199966430664,85.43000030517578,84.16000366210938,2875700.0,83.9039077758789,OTIS
2021-12-20,83.25,80.57499694824219,83.25,82.33000183105469,2440500.0,82.07947540283203,OTIS
2021-12-21,84.27999877929688,82.80999755859375,83.33000183105469,84.18000030517578,1415100.0,83.92384338378906,OTIS
2021-12-22,84.55999755859375,83.63999938964844,84.12999725341797,84.30999755859375,1014500.0,84.0534439086914,OTIS
2021-12-23,85.58799743652344,84.43000030517578,84.8499984741211,85.25,933100.0,84.99058532714844,OTIS
2021-12-27,86.54000091552734,85.58999633789062,85.7300033569336,86.5199966430664,674400.0,86.2567138671875,OTIS
2021-12-28,86.70999908447266,86.12999725341797,86.48999786376953,86.45999908447266,730200.0,86.1968994140625,OTIS
2021-12-29,87.23300170898438,86.22000122070312,86.22000122070312,86.81999969482422,1229700.0,86.5558090209961,OTIS
2021-12-30,87.27400207519531,86.30000305175781,86.87000274658203,86.36000061035156,864300.0,86.09720611572266,OTIS
2021-12-31,87.56900024414062,86.16999816894531,86.16999816894531,87.06999969482422,985600.0,86.80504608154297,OTIS
2022-01-03,88.22000122070312,84.58000183105469,87.19999694824219,85.56999969482422,2209600.0,85.30960845947266,OTIS
2022-01-04,86.45999908447266,84.97000122070312,85.4000015258789,86.22000122070312,1739200.0,85.95763397216797,OTIS
2022-01-05,87.1050033569336,83.7300033569336,86.52999877929688,83.83000183105469,2656900.0,83.57490539550781,OTIS
2022-01-06,84.9800033569336,83.77999877929688,84.19000244140625,84.70999908447266,1641400.0,84.45222473144531,OTIS
2022-01-07,85.2699966430664,84.20999908447266,84.4000015258789,84.36000061035156,2351500.0,84.1032943725586,OTIS
2022-01-10,84.69000244140625,82.45999908447266,83.80999755859375,84.66000366210938,1940000.0,84.40238189697266,OTIS
2022-01-11,86.29000091552734,84.18000030517578,85.19999694824219,86.23999786376953,2334200.0,85.97756958007812,OTIS
2022-01-12,87.33999633789062,86.12999725341797,86.72000122070312,86.94999694824219,2864100.0,86.68540954589844,OTIS
2022-01-13,87.68000030517578,85.54000091552734,87.08999633789062,85.76000213623047,3365800.0,85.49903106689453,OTIS
2022-01-14,85.6449966430664,83.04000091552734,84.86000061035156,84.18000030517578,2870400.0,83.92384338378906,OTIS
2022-01-18,84.1500015258789,81.68000030517578,83.05000305175781,83.88999938964844,2640500.0,83.63471984863281,OTIS
2022-01-19,84.44000244140625,82.8499984741211,84.19999694824219,83.0999984741211,2632200.0,82.84712219238281,OTIS
2022-01-20,84.0999984741211,81.83999633789062,83.5999984741211,82.20999908447266,3534500.0,81.95983123779297,OTIS
2022-01-21,83.9000015258789,81.56999969482422,82.20999908447266,83.11000061035156,2844000.0,82.85709381103516,OTIS
2022-01-24,83.3499984741211,80.13999938964844,81.68000030517578,83.2300033569336,4451900.0,82.97673797607422,OTIS
2022-01-25,83.62999725341797,80.91999816894531,81.7300033569336,82.97000122070312,4027200.0,82.71752166748047,OTIS
2022-01-26,84.62000274658203,81.0,83.56999969482422,81.5199966430664,3633100.0,81.27193450927734,OTIS
2022-01-27,83.41999816894531,81.30000305175781,82.30000305175781,82.61000061035156,3093400.0,82.3586196899414,OTIS
2022-01-28,82.81999969482422,80.83999633789062,82.20999908447266,82.7699966430664,4367500.0,82.51812744140625,OTIS
2022-01-31,85.69499969482422,80.5199966430664,81.30000305175781,85.43000030517578,4710600.0,85.17003631591797,OTIS
2022-02-01,86.37000274658203,81.56999969482422,85.8499984741211,83.55999755859375,4970900.0,83.30572509765625,OTIS
2022-02-02,84.31199645996094,82.43000030517578,83.81999969482422,83.2699966430664,2889900.0,83.01660919189453,OTIS
2022-02-03,83.62999725341797,81.75,82.66999816894531,81.8499984741211,2902900.0,81.6009292602539,OTIS
2022-02-04,83.2300033569336,80.97000122070312,81.26000213623047,82.44000244140625,3508500.0,82.18914031982422,OTIS
2022-02-07,82.9000015258789,81.5,82.5999984741211,81.66000366210938,1790200.0,81.41151428222656,OTIS
2022-02-08,84.26000213623047,81.8949966430664,82.04000091552734,84.06999969482422,3294300.0,83.81417846679688,OTIS
2022-02-09,85.11399841308594,83.41000366210938,84.91000366210938,83.7699966430664,2132000.0,83.51508331298828,OTIS
2022-02-10,83.33000183105469,81.19999694824219,82.87999725341797,81.55000305175781,1926400.0,81.30184936523438,OTIS
2022-02-11,81.83999633789062,79.11000061035156,81.5999984741211,79.63999938964844,2494800.0,79.39765167236328,OTIS
2022-02-14,80.25,78.66999816894531,79.55999755859375,79.75,3899000.0,79.50732421875,OTIS
2022-02-15,81.68000030517578,78.54499816894531,81.18000030517578,78.79000091552734,4126300.0,78.55023956298828,OTIS
2022-02-16,79.31999969482422,77.45999908447266,78.94000244140625,78.87000274658203,3305200.0,78.6300048828125,OTIS
2022-02-17,78.0999984741211,76.16100311279297,78.02999877929688,76.22000122070312,2253500.0,76.22000122070312,OTIS
2022-02-18,76.91999816894531,75.33999633789062,76.05000305175781,76.3499984741211,6320300.0,76.3499984741211,OTIS
2022-02-22,77.51000213623047,75.87999725341797,76.0999984741211,76.30000305175781,2481400.0,76.30000305175781,OTIS
2022-02-23,76.80000305175781,74.16000366210938,76.7699966430664,74.69000244140625,2771000.0,74.69000244140625,OTIS
2022-02-24,76.93000030517578,73.0999984741211,73.32499694824219,76.58999633789062,3807000.0,76.58999633789062,OTIS
2022-02-25,78.77999877929688,76.45999908447266,76.68000030517578,78.51000213623047,3005300.0,78.51000213623047,OTIS
2022-02-28,78.93000030517578,77.16000366210938,77.16000366210938,78.33000183105469,3918500.0,78.33000183105469,OTIS
2022-03-01,78.4800033569336,76.55999755859375,78.33999633789062,77.6500015258789,3501600.0,77.6500015258789,OTIS
2022-03-02,79.00499725341797,78.05000305175781,78.18000030517578,78.77999877929688,3266200.0,78.77999877929688,OTIS
2022-03-03,80.54000091552734,78.69999694824219,79.66999816894531,79.18000030517578,2660900.0,79.18000030517578,OTIS
2022-03-04,78.58000183105469,76.66000366210938,78.20999908447266,77.95999908447266,2967900.0,77.95999908447266,OTIS
2022-03-07,78.08999633789062,74.25,77.80000305175781,74.30000305175781,2768400.0,74.30000305175781,OTIS
2022-03-08,75.2300033569336,73.4800033569336,74.20999908447266,73.5,3249800.0,73.5,OTIS
2022-03-09,76.19999694824219,74.76000213623047,74.94000244140625,75.26000213623047,3050200.0,75.26000213623047,OTIS
2022-03-10,74.55000305175781,73.30000305175781,74.30000305175781,73.80000305175781,3981100.0,73.80000305175781,OTIS
2022-03-11,74.11499786376953,72.2699966430664,73.98999786376953,72.4000015258789,3290800.0,72.4000015258789,OTIS
2022-03-14,73.375,71.06999969482422,73.33000183105469,71.9800033569336,4014900.0,71.9800033569336,OTIS
2022-03-15,73.91000366210938,71.94999694824219,72.5,73.6500015258789,4655600.0,73.6500015258789,OTIS
2022-03-16,76.83000183105469,74.0,74.51000213623047,75.5,2692800.0,75.5,OTIS
2022-03-17,76.44000244140625,74.98999786376953,75.04000091552734,76.38999938964844,1868200.0,76.38999938964844,OTIS
2022-03-18,78.37000274658203,76.5199966430664,76.6500015258789,77.9800033569336,3822500.0,77.9800033569336,OTIS
2022-03-21,78.16500091552734,76.41999816894531,77.5199966430664,77.33000183105469,1805000.0,77.33000183105469,OTIS
2022-03-22,78.58000183105469,77.30000305175781,77.30000305175781,77.52999877929688,2601700.0,77.52999877929688,OTIS
2022-03-23,77.61000061035156,76.25,77.12999725341797,76.44000244140625,1675300.0,76.44000244140625,OTIS
2022-03-24,77.47000122070312,75.94999694824219,76.37999725341797,77.41999816894531,1837900.0,77.41999816894531,OTIS
2022-03-25,77.75,76.62000274658203,77.61000061035156,77.23999786376953,1531900.0,77.23999786376953,OTIS
2022-03-28,78.05000305175781,76.31999969482422,76.95999908447266,78.01000213623047,2218200.0,78.01000213623047,OTIS
2022-03-29,79.48999786376953,78.08999633789062,78.69999694824219,78.6500015258789,1812200.0,78.6500015258789,OTIS
2022-03-30,78.6500015258789,77.69999694824219,78.0,77.75,1261600.0,77.75,OTIS
2022-03-31,78.34500122070312,76.9000015258789,77.61000061035156,76.94999694824219,2413400.0,76.94999694824219,OTIS
2022-04-01,77.25399780273438,75.75,76.91000366210938,76.27999877929688,2591900.0,76.27999877929688,OTIS
2022-04-04,76.75,75.80999755859375,76.30000305175781,76.63999938964844,1872600.0,76.63999938964844,OTIS
2022-04-05,76.56999969482422,74.91000366210938,76.36000061035156,75.1500015258789,1582900.0,75.1500015258789,OTIS
2022-04-06,76.3499984741211,74.16000366210938,74.33000183105469,76.2300033569336,2666000.0,76.2300033569336,OTIS
2022-04-07,77.98999786376953,75.77999877929688,75.77999877929688,77.54000091552734,3012100.0,77.54000091552734,OTIS
2022-04-08,78.19999694824219,77.11000061035156,77.26000213623047,77.23999786376953,2107000.0,77.23999786376953,OTIS
2022-04-11,77.26000213623047,76.16000366210938,77.0,76.37000274658203,1750400.0,76.37000274658203,OTIS
2022-04-12,77.19000244140625,75.48999786376953,76.5199966430664,75.88999938964844,2814200.0,75.88999938964844,OTIS
2022-04-13,76.5,75.26000213623047,75.26000213623047,75.83999633789062,1592600.0,75.83999633789062,OTIS
2022-04-14,76.48500061035156,74.69999694824219,76.02999877929688,74.75,1717000.0,74.75,OTIS
2022-04-18,75.06999969482422,73.12000274658203,74.69000244140625,73.62000274658203,1517100.0,73.62000274658203,OTIS
2022-04-19,75.4800033569336,73.87000274658203,74.02999877929688,75.37000274658203,1380400.0,75.37000274658203,OTIS
2022-04-20,76.37000274658203,75.29199981689453,75.9800033569336,75.5199966430664,1645788.0,75.5199966430664,OTIS
